CUB_200_2011/images/101.White_Pelican/White_Pelican_0044_96028.jpg
CUB_200_2011/images/102.Western_Wood_Pewee/Western_Wood_Pewee_0074_98282.jpg
CUB_200_2011/images/103.Sayornis/Sayornis_0020_98727.jpg
CUB_200_2011/images/105.Whip_poor_Will/Whip_Poor_Will_0047_796412.jpg
CUB_200_2011/images/106.Horned_Puffin/Horned_Puffin_0004_100733.jpg
CUB_200_2011/images/107.Common_Raven/Common_Raven_0116_101350.jpg
CUB_200_2011/images/110.Geococcyx/Geococcyx_0114_104136.jpg
CUB_200_2011/images/110.Geococcyx/Geococcyx_0091_104301.jpg
